NOM_CAPA,LONGITUD,LATITUD,EQUIPAMENT,NOM_BARRI,id
Tren a l'aeroport,2.189397,41.410259,Tren AEROPORT - CLOT-,el Clot,1
Ferrocarrils Generalitat (FGC),2.135427,41.397791,FGC - BONANOVA-,Sant Gervasi - Galvany,2
Ferrocarrils Generalitat (FGC),2.139248,41.405731,FGC - EL PUTXET-,el Putxet i el Farró,3
Metro i línies urbanes FGC,2.187234,41.409376,Clot (Aragó / Meridiana)-,el Clot,4
Metro i línies urbanes FGC,2.183681,41.430013,Fabra i Puig (Avinguda Meridiana)-,Sant Andreu,5
Metro i línies urbanes FGC,2.193942,41.448718,Trinitat Vella (Via Bàrcino)-,la Trinitat Vella,6
Metro i línies urbanes FGC,2.130845,41.352108,Fira (Botànica + Accés NORD | EST)-,,7
Metro i línies urbanes FGC,2.127161,41.341382,Parc Logístic (Av. Parc Logístic / C. Número Un)-,la Marina del Prat Vermell,8
Metro i línies urbanes FGC,2.073349,41.311895,Mas Blau (Avinguda de Les Garrigues / Alta Ribagorça)-,,9
Metro i línies urbanes FGC,2.071238,41.288221,Aeroport T1 (Aeroport T1)-,,10
Metro i línies urbanes FGC,2.137183,41.375321,Plaça de Sants (Olzinelles)-,Sants,11
Metro i línies urbanes FGC,2.187168,41.41554,Navas (Navas de Tolosa)-,Navas,12
Metro i línies urbanes FGC,2.184227,41.428993,Fabra i Puig (Concepción Arenal)-,Sant Andreu,13
Metro i línies urbanes FGC,2.215595,41.446807,Santa Rosa (Banús Baixa)-,,14
Metro i línies urbanes FGC,2.118251,41.360665,Can Tries | Gornal (Can Tries - Narcís de Monturiol)-,,15
Metro i línies urbanes FGC,2.174722,41.460923,Ciutat Meridiana (Avinguda Rasos de Peguera)-,Ciutat Meridiana,16
Metro i línies urbanes FGC,2.100181,41.364022,Rambla Just Oliveras (Renfe)-,,17
Metro i línies urbanes FGC,2.148318,41.375296,Espanya (Creu Coberta)-,Hostafrancs,18
Metro i línies urbanes FGC,2.176107,41.446956,Roquetes (Carrer de les Torres)-,les Roquetes,19
Metro i línies urbanes FGC,2.154397,41.423314,El Carmel (Llobregós)-,el Carmel,20
Metro i línies urbanes FGC,2.209874,41.420292,Besòs (Tram Besòs)-,el Besòs i el Maresme,21
Metro i línies urbanes FGC,2.208384,41.407801,Selva de Mar (Provençals)-,Diagonal Mar i el Front Marítim del Poblenou,22
Metro i línies urbanes FGC,2.158841,41.429721,Horta (Lisboa)-,Horta,23
Metro i línies urbanes FGC,2.179469,41.400374,Monumental (Marina)-,el Fort Pienc,24
Metro i línies urbanes FGC,2.133018,41.323636,ZAL | Riu Vell (Riu Llobregat)-,la Marina del Prat Vermell,25
Metro i línies urbanes FGC,2.177199,41.422578,Maragall (Ronda Guinardó - costat Muntanya)-,el Guinardó,26
Metro i línies urbanes FGC,2.110631,41.376202,Ernest Lluch (Avinguda de Xile)-,la Maternitat i Sant Ramon,27
Metro i línies urbanes FGC,2.176548,41.376975,Drassanes (La Rambla)-,el Raval,28
Metro i línies urbanes FGC,2.144578,41.430446,Montbau (Residència Sanitària / Llars Mundet)-,Montbau,29
Ferrocarrils Generalitat (FGC),2.125112,41.39896,FGC - SARRIÀ-,les Tres Torres,30
Ferrocarrils Generalitat (FGC),2.073187,41.444795,FGC - LA FLORESTA-,,31
Metro i línies urbanes FGC,2.162924,41.406053,Joanic (Escorial)-,el Camp d'en Grassot i Gràcia Nova,32
Metro i línies urbanes FGC,2.1866,41.421855,La Sagrera (Garcilaso)-,la Sagrera,33
Metro i línies urbanes FGC,2.144961,41.342872,Zona Franca (Carrer A (costat mar))-,la Marina del Prat Vermell,34
Ferrocarrils Generalitat (FGC),2.167015,41.385919,FGC - CATALUNYA (C. de Balmes)-,la Dreta de l'Eixample,35
Metro i línies urbanes FGC,2.135951,41.381698,Plaça del Centre (Plaça del Centre (mar))-,Sants,36
Metro i línies urbanes FGC,2.198307,41.457596,Can Zam (Francesc Macià)-,,37
Metro i línies urbanes FGC,2.244468,41.448918,Badalona Pompeu Fabra (La Creu)-,,38
Metro i línies urbanes FGC,2.111874,41.384249,Zona Universitària (Dr. Marañón / Diagonal)-,la Maternitat i Sant Ramon,39
Metro i línies urbanes FGC,2.111368,41.375777,Ernest Lluch (Cementiri de Sants)-,,40
Metro i línies urbanes FGC,2.170146,41.385429,Catalunya (La Rambla)-,el Raval,41
Metro i línies urbanes FGC,2.16013,41.396244,Diagonal (Diagonal / Pau Claris)-,la Dreta de l'Eixample,42
Metro i línies urbanes FGC,2.149637,41.406234,Lesseps (Septimània)-,el Putxet i el Farró,43
RENFE,2.170436,41.388108,RENFE - CATALUNYA-,la Dreta de l'Eixample,44
RENFE,2.09108,41.331201,RENFE - EL PRAT DE LLOBREGAT-,,45
Metro i línies urbanes FGC,2.166742,41.430379,Vilapicina (Cartellà)-,Vilapicina i la Torre Llobeta,46
Metro i línies urbanes FGC,2.233378,41.440368,Gorg (Avinguda Alfons XIII)-,,47
Metro i línies urbanes FGC,2.11686,41.368118,Torrassa (Rosalía de Castro)-,,48
Metro i línies urbanes FGC,2.138586,41.37544,Plaça de Sants (Riego)-,Sants,49
Tramvia,2.219829,41.411777,TRAMVIA (T4) - FÒRUM-,el Besòs i el Maresme,50
Tramvia,2.230412,41.423854,"TRAMVIA (T4, T6) - ESTACIÓ DE SANT ADRIÀ-",,51
Tramvia,2.062227,41.360383,"TRAMVIA (T1,T2) - FONTSANTA-FATJÓ-",,52
RENFE,2.181768,41.496321,RENFE - MONTCADA-RIPOLLET-,,53
Tramvia,2.076889,41.365513,"TRAMVIA (T1,T2) - EL PEDRÒ-",,54
Tramvia,2.197653,41.411242,"TRAMVIA (T5, T6) - ESPRONCEDA-",Provençals del Poblenou,55
Tramvia,2.115012,41.38048,"TRAMVIA (T1,T2,T3) - AVINGUDA DE XILE-",la Maternitat i Sant Ramon,56
Tramvia,2.106023,41.376071,"TRAMVIA (T1,T2,T3) - CAN RIGAL-",,57
Tramvia,2.222916,41.430456,TRAMVIA (T5) - ENCANTS DE SANT ADRIÀ-,,58
Metro i línies urbanes FGC,2.078879,41.357949,Gavarra (Pl. Catalunya)-,,59
Metro i línies urbanes FGC,2.150209,41.388368,Hospital Clínic (Comte d'Urgell)-,la Nova Esquerra de l'Eixample,60
Metro i línies urbanes FGC,2.16747,41.399107,Verdaguer (Bailèn)-,la Dreta de l'Eixample,61
Tramvia,2.098896,41.376486,"TRAMVIA (T1,T2,T3) - CA N'OLIVERES-",,62
Metro i línies urbanes FGC,2.195105,41.414871,Bac de Roda (Bac de Roda)-,Sant Martí de Provençals,63
Metro i línies urbanes FGC,2.150072,41.374841,Espanya (Exposició)-,el Poble-sec,64
Metro i línies urbanes FGC,2.158937,41.375177,Poble Sec (Manso)-,Sant Antoni,65
Metro i línies urbanes FGC,2.158979,41.374902,Poble Sec (Teodor Bonaplata)-,el Poble-sec,66
Metro i línies urbanes FGC,2.141301,41.417531,Penitents (Avinguda Vallcarca)-,Vallcarca i els Penitents,67
Metro i línies urbanes FGC,2.169533,41.387543,Catalunya (Centre Plaça)-,la Dreta de l'Eixample,68
Metro i línies urbanes FGC,2.158917,41.382515,METRO (L1) - Urgell-,l'Antiga Esquerra de l'Eixample,69
Metro i línies urbanes FGC,2.187563,41.402305,METRO (L1) - Glòries-,el Parc i la Llacuna del Poblenou,70
Metro i línies urbanes FGC,2.184813,41.381839,METRO (L4) - Barceloneta-,la Barceloneta,71
Metro i línies urbanes FGC,2.179488,41.400552,METRO (L2) - Monumental-,el Fort Pienc,72
Metro i línies urbanes FGC,2.20075,41.419092,METRO (L2) - Sant Martí-,Sant Martí de Provençals,73
Metro i línies urbanes FGC,2.216931,41.441388,METRO (L10N) - Llefià-,,74
Metro i línies urbanes FGC,2.138256,41.361128,METRO (L10S) - Foneria-,la Marina de Port,75
Metro i línies urbanes FGC,2.168879,41.373877,METRO (FM) - Paral·lel-,el Poble-sec,76
Metro i línies urbanes FGC,2.148498,41.435673,METRO (L3) - Mundet-,la Vall d'Hebron,77
Metro i línies urbanes FGC,2.173056,41.381473,METRO (L3) - Liceu-,el Barri Gòtic,78
Metro i línies urbanes FGC,2.169144,41.374921,METRO (L3) - Paral·lel-,el Poble-sec,79
Tramvia,2.075814,41.372339,TRAMVIA (T3) - SANT MARTÍ DE L'ERM-,,80
Tramvia,2.084309,41.373477,"TRAMVIA (T1,T2,T3) - LA SARDANA-",,81
Funicular,2.176893,41.460819,Ascensor Inclinat - Funicular Ciutat Meridiana-,Ciutat Meridiana,82
Tramvia,2.075217,41.378842,TRAMVIA (T3) - RAMBLA DE SANT JUST-,,83
Tramvia,2.22618,41.418903,"TRAMVIA (T4, T6) - PORT FÒRUM-",,84
Metro i línies urbanes FGC,2.21846,41.451611,METRO (L1) - Fondo-,,85
Metro i línies urbanes FGC,2.165373,41.391631,METRO (L3) - Passeig de Gràcia-,la Dreta de l'Eixample,86
Metro i línies urbanes FGC,2.195529,41.41519,METRO (L2) - Bac de Roda-,Sant Martí de Provençals,87
Metro i línies urbanes FGC,2.199588,41.449964,METRO (L1) - Baró de Viver-,la Trinitat Vella,88
Metro i línies urbanes FGC,2.192038,41.395136,METRO (L4) - Bogatell-,el Parc i la Llacuna del Poblenou,89
Metro i línies urbanes FGC,2.178557,41.384154,METRO (L4) - Jaume I-,"Sant Pere, Santa Caterina i la Ribera",90
Metro i línies urbanes FGC,2.138181,41.375381,METRO (L1) - Plaça de Sants-,Sants,91
Metro i línies urbanes FGC,2.145065,41.430648,METRO (L3) - Montbau-,Montbau,92
Metro i línies urbanes FGC,2.163267,41.379861,METRO (L2) - Sant Antoni-,el Raval,93
Metro i línies urbanes FGC,2.178576,41.443758,METRO (L4) - Via Júlia-,Verdun,94
Ferrocarrils Generalitat (FGC),2.158326,41.392331,FGC - PROVENÇA (C. de Provença)-,l'Antiga Esquerra de l'Eixample,95
Metro i línies urbanes FGC,2.210257,41.419929,METRO (L4) - Besòs-,el Besòs i el Maresme,96
Metro i línies urbanes FGC,2.070455,41.357319,METRO (L5) - Cornellà Centre-,,97
Metro i línies urbanes FGC,2.119222,41.375772,METRO (L5) - Collblanc-,,98
Metro i línies urbanes FGC,2.145645,41.384495,METRO (L5) - Entença-,la Nova Esquerra de l'Eixample,99
Metro i línies urbanes FGC,2.167645,41.430493,METRO (L5) - Vilapicina-,el Turó de la Peira,100
Metro i línies urbanes FGC,2.073141,41.303852,METRO (L9S) - Aeroport T2-,,101
Metro i línies urbanes FGC,2.20532,41.436231,METRO (L9NL10N) - Bon Pastor-,el Bon Pastor,102
Metro i línies urbanes FGC,2.163043,41.379015,Sant Antoni (Urgell)-,Sant Antoni,103
Metro i línies urbanes FGC,2.168813,41.389706,Passeig de Gràcia (Pau Claris)-,la Dreta de l'Eixample,104
Metro i línies urbanes FGC,2.173425,41.389386,Urquinaona (Plaça Urquinaona)-,la Dreta de l'Eixample,105
Metro i línies urbanes FGC,2.173855,41.389119,Urquinaona (Trafalgar)-,la Dreta de l'Eixample,106
Metro i línies urbanes FGC,2.183539,41.430506,Fabra i Puig (Passeig Fabra i Puig)-,Sant Andreu,107
Metro i línies urbanes FGC,2.183301,41.431517,Fabra i Puig (Sòcrates)-,Sant Andreu,108
Metro i línies urbanes FGC,2.183366,41.43085,Fabra i Puig (Renfe)-,Sant Andreu,109
Metro i línies urbanes FGC,2.207862,41.451175,Santa Coloma (Llorenç Serra)-,,110
Metro i línies urbanes FGC,2.163275,41.379017,Sant Antoni (Sant Antoni Abat)-,el Raval,111
Metro i línies urbanes FGC,2.08996,41.331296,El Prat Estació (Doctor Soler i Torrens)-,,112
Metro i línies urbanes FGC,2.144279,41.37511,Hostafrancs (Hostafrancs)-,Hostafrancs,113
Metro i línies urbanes FGC,2.14939,41.374273,Espanya (Exposició / Gran Via)-,el Poble-sec,114
Metro i línies urbanes FGC,2.159938,41.382757,Urgell (Villarroel / Sepúlveda)-,Sant Antoni,115
Ferrocarrils Generalitat (FGC),2.142754,41.398631,FGC - MUNTANER-,Sant Gervasi - Galvany,116
Metro i línies urbanes FGC,2.158254,41.382048,Urgell (Comte d'Urgell)-,la Nova Esquerra de l'Eixample,117
Metro i línies urbanes FGC,2.190955,41.442435,Torras i Bages (Palomar / costat mar)-,Sant Andreu,118
Metro i línies urbanes FGC,2.208486,41.45125,Santa Coloma (Plaça de la Vila)-,,119
Metro i línies urbanes FGC,2.218559,41.451527,Fondo (Mossèn Cinto Verdaguer)-,,120
Metro i línies urbanes FGC,2.163271,41.380684,Sant Antoni (Villarroel)-,Sant Antoni,121
Metro i línies urbanes FGC,2.148115,41.434981,Mundet (Can Marcet)-,la Vall d'Hebron,122
Metro i línies urbanes FGC,2.180732,41.459324,Torre Baró | Vallbona (Avinguda Escolapi Càncer)-,Torre Baró,123
Metro i línies urbanes FGC,2.106696,41.344386,Hospital de Bellvitge (Residència sanitària)-,,124
Metro i línies urbanes FGC,2.223313,41.442247,La Salut (Austràlia)-,,125
Metro i línies urbanes FGC,2.167657,41.389795,Passeig de Gràcia (Passeig de Gràcia / Gran Via)-,la Dreta de l'Eixample,126
Metro i línies urbanes FGC,2.168769,41.399925,Verdaguer (Passeig Sant Joan)-,la Dreta de l'Eixample,127
Metro i línies urbanes FGC,2.156061,41.425567,El Carmel (Plaça Pastrana)-,el Carmel,128
Metro i línies urbanes FGC,2.211467,41.453914,Església Major (Mossèn Camil Rossell)-,,129
Metro i línies urbanes FGC,2.217345,41.441134,Llefià (Ronda Sant Antoni)-,,130
Metro i línies urbanes FGC,2.234742,41.440083,Gorg (Antoni Bori)-,,131
Ferrocarrils Generalitat (FGC),2.130828,41.397781,FGC - LES TRES TORRES-,les Tres Torres,132
Metro i línies urbanes FGC,2.09993,41.371996,Can Vidalet (Maladeta)-,,133
Metro i línies urbanes FGC,2.142118,41.355684,Foc (Fira Gran Via (Pavellons 6·7·8))-,la Marina del Prat Vermell,134
Metro i línies urbanes FGC,2.124146,41.361637,Provençana (Aprestadora / Rosell)-,,135
Metro i línies urbanes FGC,2.14486,41.342901,Zona Franca (Carrer A / Carrer 2)-,la Marina del Prat Vermell,136
Metro i línies urbanes FGC,2.118107,41.385621,Palau Reial (Facultat de Ciències)-,la Maternitat i Sant Ramon,137
Metro i línies urbanes FGC,2.173585,41.380953,Liceu (La Rambla / Teatre Liceu)-,el Barri Gòtic,138
Metro i línies urbanes FGC,2.202967,41.403539,Poblenou (Pujades / Bilbao)-,el Poblenou,139
Metro i línies urbanes FGC,2.197293,41.399236,Llacuna (Pujades / Ciutat de Granada)-,el Poblenou,140
Metro i línies urbanes FGC,2.185845,41.382396,Barceloneta (Plaça Pau Vila)-,"Sant Pere, Santa Caterina i la Ribera",141
Metro i línies urbanes FGC,2.177091,41.448119,Roquetes (Vidal i Guasch)-,les Roquetes,142
Metro i línies urbanes FGC,2.209721,41.444808,Can Peixauet (Avinguda Santa Coloma)-,,143
Metro i línies urbanes FGC,2.155041,41.423673,El Carmel (Mercat)-,el Carmel,144
Metro i línies urbanes FGC,2.160597,41.395388,Diagonal (Pg. de Gràcia (escala mecànica))-,la Dreta de l'Eixample,145
Metro i línies urbanes FGC,2.128194,41.341726,Parc Logístic (Av. Parc Logístic / C. Número Vint-i-cinc)-,la Marina del Prat Vermell,146
Metro i línies urbanes FGC,2.088938,41.31644,Parc Nou (Riu Llobregat / Riu Ebre)-,,147
RENFE,2.167379,41.481319,RENFE - MONTCADA I REIXAC-STA. MARIA-,,148
RENFE,2.181952,41.393385,RENFE - ARC DE TRIOMF-,el Fort Pienc,149
RENFE,2.16875,41.387019,RENFE - CATALUNYA-,la Dreta de l'Eixample,150
Metro i línies urbanes FGC,2.238419,41.444477,Pep Ventura (Avinguda Marquès de Mont-roig)-,,151
Metro i línies urbanes FGC,2.110967,41.351449,Bellvitge (Rambla de la Marina / Trav. Industrial)-,,152
Metro i línies urbanes FGC,2.100045,41.363552,Rambla Just Oliveras (Rambla Just Oliveras)-,,153
Metro i línies urbanes FGC,2.10363,41.36809,Can Serra (Parc de les Planes)-,,154
Metro i línies urbanes FGC,2.110159,41.368206,Florida (Blocs Florida)-,,155
Tren a l'aeroport,2.165256,41.39187,Tren AEROPORT - PASSEIG DE GRÀCIA-,la Dreta de l'Eixample,156
RENFE,2.021024,41.410017,RENFE - MOLINS DE REI-,,157
RENFE,2.249093,41.445856,RENFE - BADALONA-,,158
RENFE,2.187908,41.409832,RENFE - CLOT-,el Clot,159
RENFE,2.189397,41.410259,RENFE - CLOT-,el Clot,160
Metro i línies urbanes FGC,2.09941,41.371491,Can Vidalet (Hortènsia)-,,161
Metro i línies urbanes FGC,2.106899,41.373518,Pubilla Cases (Esteve Grau)-,,162
Metro i línies urbanes FGC,2.128663,41.375646,Badal (Carrer de Sants)-,Sants - Badal,163
Metro i línies urbanes FGC,2.135098,41.375678,Plaça de Sants (Plaça de Sants)-,Sants,164
Metro i línies urbanes FGC,2.17719,41.424501,Maragall (Ramon Albó)-,el Congrés i els Indians,165
Metro i línies urbanes FGC,2.111546,41.38417,Zona Universitària (Avinguda Diagonal)-,la Maternitat i Sant Ramon,166
Metro i línies urbanes FGC,2.117983,41.386156,Palau Reial (Palau de Pedralbes)-,Pedralbes,167
Metro i línies urbanes FGC,2.135654,41.38214,Plaça del Centre (Plaça del Centre (muntanya))-,les Corts,168
Metro i línies urbanes FGC,2.142006,41.38111,Sants Estació (Av. Josep Tarradellas)-,Sants,169
Metro i línies urbanes FGC,2.172495,41.382048,Liceu (La Rambla / Mercat de la Boqueria)-,el Raval,170
Metro i línies urbanes FGC,2.16431,41.385843,METRO (L1) - Universitat-,Sant Antoni,171
Metro i línies urbanes FGC,2.144579,41.41181,Vallcarca (Gomis)-,Vallcarca i els Penitents,172
Metro i línies urbanes FGC,2.167841,41.374856,Paral·lel (Fontrodona)-,el Poble-sec,173
Metro i línies urbanes FGC,2.179651,41.400516,Monumental (Marina / Plaça de Toros)-,el Fort Pienc,174
Metro i línies urbanes FGC,2.182157,41.407093,Encants (València / Mallorca)-,el Camp de l'Arpa del Clot,175
Metro i línies urbanes FGC,2.128644,41.368844,METRO (L1) - Santa Eulàlia-,,176
Metro i línies urbanes FGC,2.168086,41.400393,METRO (L4) - Verdaguer-,la Dreta de l'Eixample,177
Metro i línies urbanes FGC,2.144991,41.343005,METRO (L10S) - Zona Franca-,la Marina del Prat Vermell,178
Metro i línies urbanes FGC,2.125817,41.387844,METRO (L3) - Maria Cristina-,la Maternitat i Sant Ramon,179
Metro i línies urbanes FGC,2.184122,41.449528,METRO (L3) - Trinitat Nova-,la Trinitat Nova,180
Tramvia,2.213571,41.417238,"TRAMVIA (T5, T6) - ALFONS EL MAGNÀNIM-",el Besòs i el Maresme,181
Tramvia,2.217564,41.41938,"TRAMVIA (T5, T6) - PARC DEL BESÓS-",,182
Tramvia,2.193551,41.408024,"TRAMVIA (T5, T6) - CAN JAUMANDREU-",Provençals del Poblenou,183
Ferrocarrils Generalitat (FGC),2.147016,41.401372,FGC - SANT GERVASI-,Sant Gervasi - Galvany,184
Metro i línies urbanes FGC,2.102659,41.358582,METRO (L1) - Av. Carrilet-,,185
Metro i línies urbanes FGC,2.174015,41.41599,METRO (L4) - Guinardó | Hospital de Sant Pau-,el Guinardó,186
Metro i línies urbanes FGC,2.209909,41.430032,METRO (L2) - Verneda-,,187
Metro i línies urbanes FGC,2.099472,41.371307,METRO (L5) - Can Vidalet-,,188
Metro i línies urbanes FGC,2.166408,41.412405,METRO (L4) - Alfons X-,el Baix Guinardó,189
Metro i línies urbanes FGC,2.174675,41.460836,METRO (L11) - Ciutat Meridiana-,Ciutat Meridiana,190
Ferrocarrils Generalitat (FGC),2.137173,41.410227,FGC - AVINGUDA DEL TIBIDABO-,Sant Gervasi - la Bonanova,191
Ferrocarrils Generalitat (FGC),2.142617,41.403596,FGC - PADUA-,Sant Gervasi - Galvany,192
Metro i línies urbanes FGC,2.145362,41.378521,METRO (L3) - Tarragona-,la Nova Esquerra de l'Eixample,193
Metro i línies urbanes FGC,2.115783,41.368251,METRO (L9SL10S) - Torrassa-,,194
Metro i línies urbanes FGC,2.158856,41.394463,METRO (L5) - Diagonal-,la Dreta de l'Eixample,195
Metro i línies urbanes FGC,2.167115,41.39898,METRO (L5) - Verdaguer-,la Dreta de l'Eixample,196
Metro i línies urbanes FGC,2.181523,41.415088,METRO (L5) - Camp de l'Arpa-,el Camp de l'Arpa del Clot,197
Metro i línies urbanes FGC,2.16,41.429721,METRO (L5) - Horta-,Horta,198
Metro i línies urbanes FGC,2.142382,41.425021,METRO (L5) - Vall d'Hebron-,Montbau,199
Metro i línies urbanes FGC,2.169671,41.388085,Catalunya (Passeig de Gràcia)-,la Dreta de l'Eixample,200
Metro i línies urbanes FGC,2.175021,41.389956,Urquinaona (Bruc)-,la Dreta de l'Eixample,201
Metro i línies urbanes FGC,2.18713,41.395239,Marina (Almogàvers)-,el Parc i la Llacuna del Poblenou,202
Metro i línies urbanes FGC,2.187159,41.416905,Navas (Biscaia)-,Navas,203
Metro i línies urbanes FGC,2.191044,41.437482,Sant Andreu (Joan Torras)-,Sant Andreu,204
Metro i línies urbanes FGC,2.168159,41.375117,Paral·lel (Ronda Sant Pau)-,el Raval,205
Metro i línies urbanes FGC,2.125868,41.356743,Europa | Fira (Fira Gran Via)-,,206
Metro i línies urbanes FGC,2.087401,41.316916,Parc Nou (Riu Llobregat / Riu Xúquer)-,,207
Metro i línies urbanes FGC,2.154421,41.378611,Rocafort (Rocafort / Sepúlveda)-,Sant Antoni,208
Ferrocarrils Generalitat (FGC),2.135502,41.397638,FGC - BONANOVA-,Sant Gervasi - Galvany,209
Metro i línies urbanes FGC,2.187144,41.421794,La Sagrera (Meridiana | Hondures)-,la Sagrera,210
Metro i línies urbanes FGC,2.16764,41.388952,Passeig de Gràcia (Rbla. Catalunya)-,la Dreta de l'Eixample,211
Metro i línies urbanes FGC,2.148451,41.435372,Mundet (Salesians)-,la Vall d'Hebron,212
Metro i línies urbanes FGC,2.23786,41.444385,Pep Ventura (Avinguda Alfons XIII)-,,213
Metro i línies urbanes FGC,2.1852,41.451289,Casa de l'Aigua (Aiguablava)-,la Trinitat Nova,214
Metro i línies urbanes FGC,2.206108,41.423466,La Pau (Rambla Guipúscoa / Ca n'Oliva)-,la Verneda i la Pau,215
Metro i línies urbanes FGC,2.184372,41.449449,Trinitat Nova (Palamós)-,la Trinitat Nova,216
Metro i línies urbanes FGC,2.179282,41.459334,Torre Baró | Vallbona (Sant Feliu de Codines)-,Torre Baró,217
Metro i línies urbanes FGC,2.181941,41.392996,Arc de Triomf (Nàpols)-,el Fort Pienc,218
Metro i línies urbanes FGC,2.168511,41.43058,Vilapicina (Teide)-,el Turó de la Peira,219
Metro i línies urbanes FGC,2.175771,41.403899,Sagrada Família (Mallorca - Marina)-,la Sagrada Família,220
Metro i línies urbanes FGC,2.16545,41.392028,Passeig de Gràcia (Aragó / Pau Claris)-,la Dreta de l'Eixample,221
Metro i línies urbanes FGC,2.140981,41.417415,Penitents (Anna Piferrer)-,Vallcarca i els Penitents,222
Ferrocarrils Generalitat (FGC),2.151636,41.399679,FGC - GRÀCIA (C. de Marià Cubí)-,Sant Gervasi - Galvany,223
Metro i línies urbanes FGC,2.174512,41.416048,Guinardó | Hospital de Sant Pau (Sant Quintí)-,el Guinardó,224
Metro i línies urbanes FGC,2.173922,41.437645,Llucmajor (Passeig Verdum / Llucmajor)-,la Guineueta,225
Metro i línies urbanes FGC,2.178923,41.444281,Via Júlia (Via Júlia / Joaquim Valls)-,la Prosperitat,226
Metro i línies urbanes FGC,2.131699,41.362404,Ciutat de la Justícia (Gran Via / Alhambra)-,,227
RENFE,2.147997,41.492347,RENFE - CERDANYOLA DEL VALLÈS-,,228
Ferrocarrils Generalitat (FGC),2.124523,41.39935,FGC - SARRIÀ-,Sarrià,229
Ferrocarrils Generalitat (FGC),2.130463,41.361391,FGC - ILDEFONS CERDÀ-,,230
Metro i línies urbanes FGC,2.160976,41.430139,Horta (Plaça Eivissa)-,Horta,231
RENFE,2.169312,41.387546,RENFE - CATALUNYA-,la Dreta de l'Eixample,232
RENFE,2.188597,41.409995,RENFE - CLOT-,el Clot,233
RENFE,2.185449,41.384232,RENFE - DE FRANÇA-,"Sant Pere, Santa Caterina i la Ribera",234
RENFE,2.183101,41.430862,RENFE - SANT ANDREU ARENAL-,Sant Andreu,235
Metro i línies urbanes FGC,2.167342,41.430599,Vilapicina (Canfranc)-,el Turó de la Peira,236
Metro i línies urbanes FGC,2.165214,41.441723,Canyelles (García Lorca)-,Canyelles,237
Tramvia,2.203312,41.40744,TRAMVIA (T4) - FLUVIÀ-,Provençals del Poblenou,238
RENFE,2.165256,41.39187,RENFE - PASSEIG DE GRÀCIA-,la Dreta de l'Eixample,239
Tramvia,2.087563,41.376495,"TRAMVIA (T1,T2,T3) - PONT D'ESPLUGUES-",,240
Tramvia,2.066109,41.356699,"TRAMVIA (T1,T2) - LES AIGÜES-",,241
Tramvia,2.05321,41.379349,Tramvia (T3) - SANT FELIU/CONSELL COMARCAL-,,242
Metro i línies urbanes FGC,2.181739,41.448687,Trinitat Nova (Aiguablava)-,la Trinitat Nova,243
Metro i línies urbanes FGC,2.107952,41.37406,Pubilla Cases (Doctor Ramon Solanich)-,,244
Metro i línies urbanes FGC,2.158906,41.394274,Diagonal (Rosselló / FGC)-,la Dreta de l'Eixample,245
Estació marítima,2.179986,41.360226,Terminal Marítima C *Creuers-,la Marina del Prat Vermell,246
Metro i línies urbanes FGC,2.126533,41.388322,Maria Cristina (Capità Arenas)-,Pedralbes,247
Metro i línies urbanes FGC,2.175585,41.394915,METRO (L2) - Tetuan-,la Dreta de l'Eixample,248
Metro i línies urbanes FGC,2.233466,41.440265,METRO (L2) - Gorg-,,249
Metro i línies urbanes FGC,2.207994,41.451095,METRO (L1) - Santa Coloma-,,250
Metro i línies urbanes FGC,2.17569,41.376567,METRO (L3) - Drassanes-,el Raval,251
Metro i línies urbanes FGC,2.153048,41.402037,METRO (L3) - Fontana-,la Vila de Gràcia,252
Metro i línies urbanes FGC,2.224762,41.442845,METRO (L10N) - La Salut-,,253
Metro i línies urbanes FGC,2.141831,41.35619,METRO (L10S) - Foc-,la Marina del Prat Vermell,254
Metro i línies urbanes FGC,2.141018,41.381626,METRO (L3) - Sants Estació-,Sants,255
Metro i línies urbanes FGC,2.110944,41.351005,METRO (L1) - Bellvitge-,,256
Tramvia,2.192089,41.387575,TRAMVIA (T4) - CIUTADELLA-VILA OLÍMPICA-,la Vila Olímpica del Poblenou,257
Tramvia,2.058263,41.363968,"TRAMVIA (T1,T2) - BON VIATGE-",,258
Tramvia,2.062535,41.36756,TRAMVIA (T2) - LA FONTSANTA-,,259
Tramvia,2.22531,41.427474,TRAMVIA (T5) - SANT JOAN BAPTISTA-,,260
Ferrocarrils Generalitat (FGC),2.125789,41.398544,FGC - SARRIÀ-,les Tres Torres,261
Metro i línies urbanes FGC,2.193017,41.386715,METRO (L4) - Ciutadella | Vila Olímpica-,la Vila Olímpica del Poblenou,262
Metro i línies urbanes FGC,2.217798,41.433876,METRO (L2) - Artigues | Sant Adrià-,,263
Metro i línies urbanes FGC,2.137098,41.330188,METRO (L10S) - Ecoparc-,la Marina del Prat Vermell,264
Metro i línies urbanes FGC,2.187001,41.422397,METRO (L1) - La Sagrera-,la Sagrera,265
Metro i línies urbanes FGC,2.173369,41.437013,METRO (L4) - Llucmajor-,la Guineueta,266
Metro i línies urbanes FGC,2.150433,41.405766,METRO (L3) - Lesseps-,la Vila de Gràcia,267
Ferrocarrils Generalitat (FGC),2.00528,41.398991,FGC - CAN ROS-,,268
Ferrocarrils Generalitat (FGC),2.031499,41.363609,FGC - COLÒNIA GÜELL-,,269
Estació marítima,2.173838,41.364349,Estació Marítima Grimaldi Lines-,la Marina del Prat Vermell,270
Metro i línies urbanes FGC,2.151107,41.388636,METRO (L5) - Hospital Clínic-,l'Antiga Esquerra de l'Eixample,271
Metro i línies urbanes FGC,2.155125,41.424478,METRO (L5) - El Carmel-,el Carmel,272
Metro i línies urbanes FGC,2.073499,41.311254,METRO (L9S) - Mas Blau-,,273
Metro i línies urbanes FGC,2.1031,41.329148,METRO (L9S) - Les Moreres-,,274
Metro i línies urbanes FGC,2.198594,41.456694,METRO (L9N) - Can Zam-,,275
Metro i línies urbanes FGC,2.212202,41.454825,METRO (L9N) - Església Major-,,276
Metro i línies urbanes FGC,2.176042,41.410781,METRO (L5) - Sant Pau | Dos de Maig-,la Sagrada Família,277
Metro i línies urbanes FGC,2.186608,41.421324,METRO (L5) - La Sagrera-,la Sagrera,278
Estació marítima,2.183262,41.375795,Terminal Marítima Maremàgnum *Creuers-,el Barri Gòtic,279
Funicular,2.105977,41.414261,Funicular Vallvidrera - FGC-,"Vallvidrera, el Tibidabo i les Planes",280
Tren a l'aeroport,2.188597,41.409995,Tren AEROPORT - CLOT-,el Clot,281
Ferrocarrils Generalitat (FGC),2.125369,41.357005,FGC - EUROPA / FIRA-,,282
Metro i línies urbanes FGC,2.190689,41.442422,Torras i Bages (Palomar / costat muntanya)-,Sant Andreu,283
Metro i línies urbanes FGC,2.20788,41.450993,Santa Coloma (Avinguda Santa Coloma)-,,284
Metro i línies urbanes FGC,2.138587,41.375299,Plaça de Sants (Cros)-,Sants,285
Metro i línies urbanes FGC,2.154836,41.379687,Rocafort (Calàbria / Diputació)-,la Nova Esquerra de l'Eixample,286
Ferrocarrils Generalitat (FGC),2.025086,41.369224,FGC - SANTA COLOMA DE CERVELLÓ-,,287
Metro i línies urbanes FGC,2.187468,41.423061,La Sagrera (Jardins d'Elx)-,la Sagrera,288
Metro i línies urbanes FGC,2.194088,41.448962,Trinitat Vella (Parc de la Trinitat)-,la Trinitat Vella,289
Metro i línies urbanes FGC,2.163729,41.385431,Universitat (Plaça Universitat)-,Sant Antoni,290
Metro i línies urbanes FGC,2.200007,41.418547,Sant Martí (Agricultura)-,Sant Martí de Provençals,291
Metro i línies urbanes FGC,2.233931,41.440171,Gorg (Guifré)-,,292
Metro i línies urbanes FGC,2.168503,41.430354,Vilapicina (Passeig de les Palmeres)-,Vilapicina i la Torre Llobeta,293
Metro i línies urbanes FGC,2.174444,41.415797,Guinardó | Hospital de Sant Pau (Hospital de Sant Pau)-,el Guinardó,294
Metro i línies urbanes FGC,2.186195,41.410296,Clot (Sibelius)-,el Camp de l'Arpa del Clot,295
Metro i línies urbanes FGC,2.13707,41.330056,Ecoparc (Carrer A (costat mar))-,la Marina del Prat Vermell,296
Metro i línies urbanes FGC,2.133155,41.323858,ZAL | Riu Vell (Carrer A / Carrer 5)-,la Marina del Prat Vermell,297
Metro i línies urbanes FGC,2.170274,41.374845,Paral·lel (Avinguda Paral·lel)-,el Poble-sec,298
Metro i línies urbanes FGC,2.169557,41.385492,Catalunya (Pelai)-,el Raval,299
Ferrocarrils Generalitat (FGC),2.110914,41.409282,FGC - PEU FUNICULAR-,Sarrià,300
Ferrocarrils Generalitat (FGC),2.157956,41.392909,FGC - PROVENÇA-,l'Antiga Esquerra de l'Eixample,301
Metro i línies urbanes FGC,2.17086,41.394863,Girona (Consell de Cent)-,la Dreta de l'Eixample,302
Metro i línies urbanes FGC,2.146137,41.384992,Entença (Rocafort)-,la Nova Esquerra de l'Eixample,303
Metro i línies urbanes FGC,2.174248,41.404525,Sagrada Família (Provença / Avinguda Gaudí)-,la Sagrada Família,304
Metro i línies urbanes FGC,2.130642,41.383926,Les Corts (Travessera de les Corts)-,les Corts,305
Metro i línies urbanes FGC,2.14169,41.380974,Sants Estació (Pl. Països Catalans / Numància / Ambulatori)-,Sants,306
Metro i línies urbanes FGC,2.159887,41.3961,Diagonal (Diagonal / Rambla Catalunya)-,la Dreta de l'Eixample,307
RENFE,2.185163,41.484284,RENFE - MONTCADA I REIXAC-MANRESA-,,308
Metro i línies urbanes FGC,2.21544,41.415712,Besòs Mar (Ferrer Bassa)-,el Besòs i el Maresme,309
Metro i línies urbanes FGC,2.209593,41.408242,Selva de Mar (Selva de Mar)-,Diagonal Mar i el Front Marítim del Poblenou,310
Metro i línies urbanes FGC,2.19344,41.387931,Ciutadella | Vila Olímpica (Avinguda Icària)-,la Vila Olímpica del Poblenou,311
Metro i línies urbanes FGC,2.217314,41.433391,Artigues | Sant Adrià (Avinguda Joan XXIII)-,,312
Tren a l'aeroport,2.115466,41.354367,Tren AEROPORT - BELLVITGE-,,313
RENFE,2.060314,41.368661,RENFE - ST. JOAN DESPÍ-,,314
Tramvia,2.136412,41.390505,"TRAMVIA (T1,T2,T3) - L'ILLA-",les Corts,315
Tramvia,2.188338,41.390398,TRAMVIA (T4) - WELLINGTON-,la Vila Olímpica del Poblenou,316
Tramvia,2.204513,41.416358,"TRAMVIA (T5, T6) - SANT MARTÍ DE PROVENÇALS-",Provençals del Poblenou,317
Metro i línies urbanes FGC,2.083955,41.363418,Sant Ildefons (Avinguda República Argentina)-,,318
Metro i línies urbanes FGC,2.178625,41.44359,Via Júlia (Via Júlia / Argullós)-,la Prosperitat,319
Tramvia,2.214952,41.41033,TRAMVIA (T4) - DIAGONAL MAR-,Diagonal Mar i el Front Marítim del Poblenou,320
Metro i línies urbanes FGC,2.145151,41.378926,Tarragona (València)-,la Nova Esquerra de l'Eixample,321
Metro i línies urbanes FGC,2.145789,41.377887,Tarragona (Tarragona)-,Hostafrancs,322
Metro i línies urbanes FGC,2.143278,41.375426,Hostafrancs (Consell de Cent)-,Hostafrancs,323
Metro i línies urbanes FGC,2.145074,41.38415,Entença (Entença)-,la Nova Esquerra de l'Eixample,324
Metro i línies urbanes FGC,2.173094,41.403718,Sagrada Família (Sardenya)-,la Sagrada Família,325
Metro i línies urbanes FGC,2.180809,41.423585,Congrés (Francesc Tàrrega)-,el Congrés i els Indians,326
Metro i línies urbanes FGC,2.176487,41.425536,Maragall (Prat d'en Roquer)-,Vilapicina i la Torre Llobeta,327
Metro i línies urbanes FGC,2.14174,41.424703,Vall d'Hebron (Avinguda Jordà)-,Sant Genís dels Agudells,328
Metro i línies urbanes FGC,2.174807,41.394865,Tetuan (Diputació / Passeig de Sant Joan)-,la Dreta de l'Eixample,329
Metro i línies urbanes FGC,2.170851,41.394948,METRO (L4) - Girona-,la Dreta de l'Eixample,330
Metro i línies urbanes FGC,2.203397,41.403744,METRO (L4) - Poblenou-,el Poblenou,331
Metro i línies urbanes FGC,2.143318,41.375282,METRO (L1) - Hostafrancs-,Hostafrancs,332
Metro i línies urbanes FGC,2.160272,41.375024,METRO (L3) - Poble Sec-,Sant Antoni,333
Tramvia,2.221856,41.422595,TRAMVIA (T5) - LA CATALANA-,,334
Tramvia,2.186968,41.397311,TRAMVIA (T4) - AUDITORI-TEATRE NACIONAL-,el Parc i la Llacuna del Poblenou,335
Tramvia,2.186918,41.39407,TRAMVIA (T4) - MARINA-,el Parc i la Llacuna del Poblenou,336
Ferrocarrils Generalitat (FGC),2.147573,41.401403,FGC - PLAÇA MOLINA<center>-,el Putxet i el Farró,337
Tramvia,2.121492,41.386718,"TRAMVIA (T1,T2,T3) - PIUS XII-",la Maternitat i Sant Ramon,338
Metro i línies urbanes FGC,2.140998,41.418307,METRO (L3) - Penitents-,Vallcarca i els Penitents,339
Metro i línies urbanes FGC,2.176124,41.447698,METRO (L3) - Roquetes-,les Roquetes,340
Metro i línies urbanes FGC,2.08442,41.363409,METRO (L5) - Sant Ildefons-,,341
Metro i línies urbanes FGC,2.209148,41.40803,METRO (L4) - Selva de Mar-,Diagonal Mar i el Front Marítim del Poblenou,342
Ferrocarrils Generalitat (FGC),2.152507,41.399554,FGC - GRÀCIA-,la Vila de Gràcia,343
Ferrocarrils Generalitat (FGC),2.169598,41.385842,FGC - CATALUNYA (C. de Pelai)-,la Dreta de l'Eixample,344
Ferrocarrils Generalitat (FGC),2.142852,41.398976,FGC - MUNTANER-,Sant Gervasi - Galvany,345
Metro i línies urbanes FGC,2.133122,41.323735,METRO (L10S) - ZAL | Riu Vell-,la Marina del Prat Vermell,346
Metro i línies urbanes FGC,2.176511,41.425073,METRO (L5) - Maragall-,el Congrés i els Indians,347
Metro i línies urbanes FGC,2.148374,41.422025,METRO (L5) - El Coll | La Teixonera-,la Teixonera,348
Metro i línies urbanes FGC,2.19359,41.429587,METRO (L9NL10N) - Onze de Setembre-,Sant Andreu,349
Funicular,2.131443,41.416343,Funicular Tibidabo - Cuca de Llum-,Sant Gervasi - la Bonanova,350
Tren a l'aeroport,2.18698,41.409541,Tren AEROPORT - CLOT-,el Clot,351
Ferrocarrils Generalitat (FGC),2.043259,41.348145,FGC - SANT BOI-,,352
Metro i línies urbanes FGC,2.187362,41.402856,Glòries (Plaça de les Glòries Catalanes)-,el Parc i la Llacuna del Poblenou,353
Metro i línies urbanes FGC,2.102691,41.328861,Les Moreres (Av. Verge de Montserrat / Ctra. de la Marina)-,,354
Metro i línies urbanes FGC,2.137104,41.375485,Plaça de Sants (Alcolea (escala mecànica))-,Sants,355
Ferrocarrils Generalitat (FGC),2.135114,41.397895,FGC - BONANOVA-,Sant Gervasi - Galvany,356
Metro i línies urbanes FGC,2.180597,41.391881,Arc de Triomf (Avda. Vilanova)-,el Fort Pienc,357
Metro i línies urbanes FGC,2.199849,41.449768,Baró de Viver (Riu Besòs)-,la Trinitat Vella,358
Metro i línies urbanes FGC,2.124554,41.35734,Europa | Fira (Plaça Europa)-,,359
Metro i línies urbanes FGC,2.209712,41.430207,Verneda (Santander)-,,360
Metro i línies urbanes FGC,2.172768,41.462706,Can Cuiàs (Circumval·lació)-,,361
Metro i línies urbanes FGC,2.111542,41.350924,Bellvitge (Rambla de la Marina / Avda. Granvia)-,,362
Metro i línies urbanes FGC,2.110147,41.3685,Florida (Avinguda Masnou)-,,363
Metro i línies urbanes FGC,2.116228,41.368615,Torrassa (Av. Catalunya)-,,364
Metro i línies urbanes FGC,2.172791,41.38884,Urquinaona (Plaça Urquinaona)-,la Dreta de l'Eixample,365
Metro i línies urbanes FGC,2.192654,41.395515,Bogatell (Pujades)-,el Parc i la Llacuna del Poblenou,366
Metro i línies urbanes FGC,2.140656,41.335886,Port Comercial | La Factoria (Carrer A (costat mar))-,la Marina del Prat Vermell,367
Metro i línies urbanes FGC,2.137128,41.330317,Ecoparc (Ecoparc)-,la Marina del Prat Vermell,368
Metro i línies urbanes FGC,2.160664,41.395464,Diagonal (Pg. de Gràcia / Rambla Catalunya)-,la Dreta de l'Eixample,369
Metro i línies urbanes FGC,2.152704,41.402613,Fontana (Gran de Gràcia / Astúries)-,la Vila de Gràcia,370
Metro i línies urbanes FGC,2.175585,41.376616,Drassanes (Drassanes)-,el Raval,371
Metro i línies urbanes FGC,2.149459,41.41979,El Coll | La Teixonera (Beat Almató)-,el Coll,372
Metro i línies urbanes FGC,2.069929,41.357379,Cornellà Centre (Plaça Estació)-,,373
Metro i línies urbanes FGC,2.090723,41.366134,Can Boixeres (Estronci)-,,374
Metro i línies urbanes FGC,2.186587,41.420439,La Sagrera (Felip II)-,Navas,375
Metro i línies urbanes FGC,2.14611,41.378273,Tarragona (Aragó)-,la Nova Esquerra de l'Eixample,376
Metro i línies urbanes FGC,2.217603,41.412237,El Maresme | Fòrum (Rambla de Prim)-,el Besòs i el Maresme,377
Metro i línies urbanes FGC,2.178469,41.383851,Jaume I (Plaça de l'Àngel)-,el Barri Gòtic,378
Metro i línies urbanes FGC,2.204758,41.436081,Bon Pastor (Sant Adrià)-,el Bon Pastor,379
Metro i línies urbanes FGC,2.140179,41.38242,Sants Estació (Numància)-,Sants,380
Metro i línies urbanes FGC,2.111445,41.384503,Zona Universitària (Parc Cervantes)-,Pedralbes,381
Metro i línies urbanes FGC,2.103508,41.329235,Les Moreres (Av. Verge de Montserrat / Les Moreres)-,,382
Metro i línies urbanes FGC,2.160833,41.395664,Diagonal (Pg. de Gràcia / Pau Claris)-,la Dreta de l'Eixample,383
Metro i línies urbanes FGC,2.238623,41.444313,Pep Ventura (Plaça Països Catalans)-,,384
Metro i línies urbanes FGC,2.227782,41.435368,Sant Roc (Plaça Sant Roc)-,,385
Metro i línies urbanes FGC,2.10245,41.35943,Av. Carrilet (Prat de la Riba)-,,386
RENFE,2.193312,41.435959,RENFE - SANT ANDREU COMTAL-,Sant Andreu,387
Tramvia,2.209864,41.409066,TRAMVIA (T4) - SELVA DE MAR-,Diagonal Mar i el Front Marítim del Poblenou,388
RENFE,2.188413,41.484611,RENFE - MONTCADA I REIXAC-,,389
RENFE,2.048073,41.383079,RENFE - ST. FELIU DE LLOBREGAT-,,390
RENFE,2.100702,41.364252,RENFE - L'HOSPITALET DE LLOBREGAT-,,391
Tramvia,2.118294,41.385874,"TRAMVIA (T1,T2,T3) - PALAU REIAL-",la Maternitat i Sant Ramon,392
Tramvia,2.188532,41.404209,"TRAMVIA (T5, T6) - LA FARINERA-",el Parc i la Llacuna del Poblenou,393
Tramvia,2.227764,41.434948,TRAMVIA (T5) - SANT ROC-,,394
Metro i línies urbanes FGC,2.120652,41.375681,Collblanc (Doctor Martí i Julià)-,,395
Metro i línies urbanes FGC,2.139949,41.379748,Sants Estació (Estació RENFE / Pl. Països Catalans)-,Sants,396
Metro i línies urbanes FGC,2.151632,41.388895,Hospital Clínic (Villarroel)-,l'Antiga Esquerra de l'Eixample,397
Metro i línies urbanes FGC,2.111682,41.384563,Zona Universitària (Facultat d'Estudis Empresarials)-,Pedralbes,398
Metro i línies urbanes FGC,2.117747,41.386098,Palau Reial (Avda. Diagonal)-,Pedralbes,399
Metro i línies urbanes FGC,2.166153,41.398712,Verdaguer (Girona)-,la Dreta de l'Eixample,400
Metro i línies urbanes FGC,2.110054,41.368344,METRO (L1) - Florida-,,401
Metro i línies urbanes FGC,2.184865,41.451306,METRO (L11) - Casa de l'Aigua-,la Trinitat Nova,402
Metro i línies urbanes FGC,2.112054,41.375926,METRO (L5) - Ernest Lluch-,la Maternitat i Sant Ramon,403
Metro i línies urbanes FGC,2.177423,41.423132,METRO (L4) - Maragall-,el Guinardó,404
Metro i línies urbanes FGC,2.111205,41.384143,METRO (L3) - Zona Universitària-,la Maternitat i Sant Ramon,405
Tramvia,2.232613,41.439305,TRAMVIA (T5) - GORG-,,406
Tramvia,2.131844,41.389343,"TRAMVIA (T1,T2,T3) - NUMÀNCIA-",les Corts,407
Tramvia,2.221206,41.418341,TRAMVIA (T6) - LA MINA-,,408
Metro i línies urbanes FGC,2.13591,41.38195,METRO (L3) - Plaça del Centre-,Sants,409
Metro i línies urbanes FGC,2.169021,41.387517,METRO (L1) - Catalunya-,la Dreta de l'Eixample,410
Metro i línies urbanes FGC,2.169143,41.375033,METRO (L2) - Paral·lel-,el Raval,411
Metro i línies urbanes FGC,2.079296,41.358022,METRO (L5) - Gavarra-,,412
Metro i línies urbanes FGC,2.107236,41.373866,METRO (L5) - Pubilla Cases-,,413
Metro i línies urbanes FGC,2.185827,41.394753,METRO (L1) - Marina-,el Fort Pienc,414
Metro i línies urbanes FGC,2.244122,41.449082,METRO (L2) - Badalona Pompeu Fabra-,,415
Metro i línies urbanes FGC,2.182459,41.449184,METRO (L4) - Trinitat Nova-,la Trinitat Nova,416
Metro i línies urbanes FGC,2.228632,41.435859,METRO (L2) - Sant Roc-,,417
Ferrocarrils Generalitat (FGC),2.118699,41.398423,FGC - REINA ELISENDA-,Sarrià,418
Metro i línies urbanes FGC,2.205634,41.424061,METRO (L2) - La Pau-,la Verneda i la Pau,419
Metro i línies urbanes FGC,2.20522,41.423706,METRO (L4) - La Pau-,la Verneda i la Pau,420
Metro i línies urbanes FGC,2.186749,41.420522,METRO (L9NL10N) - La Sagrera-,Navas,421
Metro i línies urbanes FGC,2.089954,41.332022,METRO (L9S) - El Prat Estació-,,422
Metro i línies urbanes FGC,2.127428,41.341693,METRO (L9S) - Parc Logístic-,la Marina del Prat Vermell,423
Metro i línies urbanes FGC,2.125951,41.357589,METRO (L9S) - Europa | Fira-,,424
Metro i línies urbanes FGC,2.118424,41.376084,METRO (L9SL10S) - Collblanc-,,425
Metro i línies urbanes FGC,2.135186,41.375756,METRO (L5) - Plaça de Sants-,Sants,426
Metro i línies urbanes FGC,2.111281,41.333514,METRO (L9S) - Mercabarna-,la Marina del Prat Vermell,427
Metro i línies urbanes FGC,2.181212,41.423468,METRO (L5) - Congrés-,el Congrés i els Indians,428
Metro i línies urbanes FGC,2.173084,41.462441,METRO (L11) - Can Cuiàs-,,429
Metro i línies urbanes FGC,2.163822,41.384803,Universitat (Ronda Sant Antoni)-,Sant Antoni,430
Ferrocarrils Generalitat (FGC),2.142961,41.40344,FGC - PADUA-,el Putxet i el Farró,431
Metro i línies urbanes FGC,2.170595,41.387819,Catalunya (Ronda Sant Pere)-,la Dreta de l'Eixample,432
Metro i línies urbanes FGC,2.187449,41.410911,Clot (València)-,el Clot,433
Metro i línies urbanes FGC,2.190573,41.444109,Torras i Bages (Passeig Santa Coloma / costat muntanya)-,Sant Andreu,434
Metro i línies urbanes FGC,2.190837,41.444117,Torras i Bages (Passeig Santa Coloma / costat mar)-,Sant Andreu,435
Metro i línies urbanes FGC,2.111998,41.333861,Mercabarna (Carrer K / Carrer Transversal 6)-,la Marina del Prat Vermell,436
Metro i línies urbanes FGC,2.073048,41.30395,Aeroport T2 (Aeroport T2)-,,437
Metro i línies urbanes FGC,2.149844,41.374449,Espanya (Exposició / Paral·lel)-,el Poble-sec,438
Ferrocarrils Generalitat (FGC),2.139358,41.368228,FGC - MAGÒRIA-LA CAMPANA-,la Bordeta,439
Metro i línies urbanes FGC,2.186664,41.395642,Marina (L'Auditori)-,el Fort Pienc,440
Metro i línies urbanes FGC,2.156452,41.437649,Valldaura (Passeig Valldaura)-,Horta,441
Metro i línies urbanes FGC,2.216899,41.433633,Artigues | Sant Adrià (Ctra. Santa Coloma)-,,442
Metro i línies urbanes FGC,2.143736,41.37554,Hostafrancs (Consell de Cent / Mercat)-,Hostafrancs,443
Metro i línies urbanes FGC,2.153855,41.379021,Rocafort (Rocafort / Diputació)-,la Nova Esquerra de l'Eixample,444
Metro i línies urbanes FGC,2.173471,41.380893,Liceu (La Rambla / Teatre Liceu)-,el Raval,445
Metro i línies urbanes FGC,2.224255,41.442671,La Salut (Marquès de Sant Mori)-,,446
Metro i línies urbanes FGC,2.225069,41.442731,La Salut (Quevedo)-,,447
Metro i línies urbanes FGC,2.145511,41.430532,Montbau (Palau  Olímpic Vall d'Hebron)-,la Vall d'Hebron,448
Metro i línies urbanes FGC,2.106347,41.373538,Pubilla Cases (Avinguda Josep Molins)-,,449
Metro i línies urbanes FGC,2.148022,41.423316,El Coll | La Teixonera (Arenys)-,la Teixonera,450
Metro i línies urbanes FGC,2.187473,41.421776,La Sagrera (Hondures)-,la Sagrera,451
Ferrocarrils Generalitat (FGC),2.148628,41.374547,FGC - ESPANYA-,el Poble-sec,452
Metro i línies urbanes FGC,2.142183,41.4254,Vall d'Hebron (Residència Sanitària)-,Montbau,453
Metro i línies urbanes FGC,2.193327,41.429877,Onze de Setembre (Onze de Setembre)-,Sant Andreu,454
Metro i línies urbanes FGC,2.084124,41.363118,Sant Ildefons (Mercat Sant Ildefons)-,,455
Metro i línies urbanes FGC,2.150645,41.388423,Hospital Clínic (Rosselló)-,l'Antiga Esquerra de l'Eixample,456
Metro i línies urbanes FGC,2.1388,41.360821,Foneria (Mercat de la Marina)-,la Marina de Port,457
Metro i línies urbanes FGC,2.142117,41.35625,Foc (Foc (costat Montjuïc))-,la Marina de Port,458
RENFE,2.179942,41.470873,RENFE - MONTCADA BIFURCACIÓ-,,459
Ferrocarrils Generalitat (FGC),2.139529,41.405442,FGC - EL PUTXET-,el Putxet i el Farró,460
Metro i línies urbanes FGC,2.174904,41.446877,Roquetes (Jaume Pinent)-,les Roquetes,461
Metro i línies urbanes FGC,2.223832,41.441514,La Salut (Juan Valera)-,,462
Metro i línies urbanes FGC,2.217546,41.441334,Llefià (Avinguda d'Amèrica)-,,463
Metro i línies urbanes FGC,2.217109,41.442196,Llefià (Avinguda d'Amèrica (mercat))-,,464
Metro i línies urbanes FGC,2.13999,41.3821,Sants Estació (Dolors Batlle i Sunyer)-,Sants,465
Metro i línies urbanes FGC,2.145291,41.411724,Vallcarca (Avinguda Vallcarca + Parc Güell)-,Vallcarca i els Penitents,466
RENFE,2.18004,41.391817,RENFE - ARC DE TRIOMF-,el Fort Pienc,467
Metro i línies urbanes FGC,2.099911,41.364452,Rambla Just Oliveras (Avinguda Can Serra)-,,468
Metro i línies urbanes FGC,2.166953,41.411976,Alfons X (Lepant)-,el Baix Guinardó,469
Tramvia,2.072171,41.360796,"TRAMVIA (T1,T2) - IGNASI IGLÉSIAS-",,470
Tramvia,2.0607,41.379784,TRAMVIA (línia T3) - TORREBLANCA-,,471
Metro i línies urbanes FGC,2.126248,41.375466,Badal (Carreras i Candi)-,Sants - Badal,472
Metro i línies urbanes FGC,2.172906,41.436769,Llucmajor (Pi i Molist)-,la Guineueta,473
Metro i línies urbanes FGC,2.144785,41.378643,Tarragona (Elisi)-,Hostafrancs,474
Metro i línies urbanes FGC,2.150191,41.375267,Espanya (Avinguda Paral·lel)-,Sant Antoni,475
Metro i línies urbanes FGC,2.175987,41.377109,Drassanes (Santa Madrona)-,el Raval,476
Metro i línies urbanes FGC,2.144363,41.412003,METRO (L3) - Vallcarca-,Vallcarca i els Penitents,477
Metro i línies urbanes FGC,2.116621,41.368424,METRO (L1) - Torrassa-,,478
Metro i línies urbanes FGC,2.191592,41.394912,Bogatell (Pujades / Pere IV)-,el Parc i la Llacuna del Poblenou,479
Metro i línies urbanes FGC,2.181726,41.41531,Camp de l'Arpa (Indústria)-,el Camp de l'Arpa del Clot,480
Metro i línies urbanes FGC,2.149409,41.375538,METRO (L1) - Espanya-,la Nova Esquerra de l'Eixample,481
Metro i línies urbanes FGC,2.233917,41.440471,METRO (L10N) - Gorg-,,482
Metro i línies urbanes FGC,2.179909,41.459224,METRO (L11) - Torre Baró | Vallbona-,Torre Baró,483
Tramvia,2.209361,41.41994,"TRAMVIA (T5, T6) - BESÒS-",el Besòs i el Maresme,484
Tramvia,2.198381,41.406205,TRAMVIA (T4) - PERE IV-,Provençals del Poblenou,485
Telefèric,2.187907,41.373283,Telefèric de Barcelona-,la Barceloneta,486
Metro i línies urbanes FGC,2.102785,41.367722,METRO (L1) - Can Serra-,,487
RENFE,2.186507,41.423935,RENFE - LA SAGRERA - MERIDIANA-,la Sagrera,488
Metro i línies urbanes FGC,2.193862,41.448984,METRO (L1) - Trinitat Vella-,la Trinitat Vella,489
Metro i línies urbanes FGC,2.163939,41.384796,METRO (L2) - Universitat-,Sant Antoni,490
Metro i línies urbanes FGC,2.09349,41.322279,METRO (L9S) - Cèntric-,,491
Metro i línies urbanes FGC,2.187083,41.416215,METRO (L1) - Navas-,Navas,492
Metro i línies urbanes FGC,2.142591,41.425311,METRO (L3) - Vall d'Hebron-,Montbau,493
Metro i línies urbanes FGC,2.160073,41.395916,METRO (L3) - Diagonal-,la Dreta de l'Eixample,494
Metro i línies urbanes FGC,2.182726,41.407264,METRO (L2) - Encants-,el Camp de l'Arpa del Clot,495
Metro i línies urbanes FGC,2.216108,41.415127,METRO (L4) - Besòs Mar-,el Besòs i el Maresme,496
Ferrocarrils Generalitat (FGC),2.11937,41.399203,FGC - REINA ELISENDA-,Sarrià,497
Ferrocarrils Generalitat (FGC),2.13168,41.360962,FGC - ILDEFONS CERDÀ-,,498
Ferrocarrils Generalitat (FGC),2.086746,41.353011,FGC - ALMEDA-,,499
Ferrocarrils Generalitat (FGC),2.152429,41.400039,FGC - GRÀCIA (Pl. de Gal·la Placídia)-,la Vila de Gràcia,500
Ferrocarrils Generalitat (FGC),2.117531,41.35536,FGC - GORNAL-,,501
Metro i línies urbanes FGC,2.11802,41.360923,METRO (L9SL10S) - Can Tries | Gornal-,,502
Metro i línies urbanes FGC,2.210052,41.444014,METRO (L9N) - Can Peixauet-,,503
Metro i línies urbanes FGC,2.127429,41.375609,METRO (L5) - Badal-,Sants - Badal,504
Metro i línies urbanes FGC,2.140424,41.379984,METRO (L5) - Sants Estació-,Sants,505
Estació marítima,2.180814,41.371837,Terminal Marítima Sud *Creuers-,el Raval,506
Funicular,2.170357,41.374829,Funicular de Montjuïc-TMB-,el Poble-sec,507
Ferrocarrils Generalitat (FGC),2.143265,41.403133,FGC - PADUA-,Sant Gervasi - Galvany,508
Ferrocarrils Generalitat (FGC),2.103422,41.357794,FGC - L'HOSPITALET-AV. CARRILET-,,509
Ferrocarrils Generalitat (FGC),2.143251,41.398645,FGC - MUNTANER-,Sant Gervasi - Galvany,510
Ferrocarrils Generalitat (FGC),2.11168,41.361271,FGC - SANT JOSEP-,,511
Metro i línies urbanes FGC,2.181356,41.392505,Arc de Triomf (Roger de Flor)-,el Fort Pienc,512
Metro i línies urbanes FGC,2.217417,41.451524,Fondo (Sicília)-,,513
Metro i línies urbanes FGC,2.155396,41.37934,Rocafort (Calàbria / Sepúlveda)-,Sant Antoni,514
Metro i línies urbanes FGC,2.159561,41.383023,Urgell (Villarroel / Diputació)-,l'Antiga Esquerra de l'Eixample,515
Metro i línies urbanes FGC,2.165279,41.38602,Universitat (Ronda Universitat)-,la Dreta de l'Eixample,516
Metro i línies urbanes FGC,2.164683,41.385763,Universitat (Pelai)-,el Raval,517
Ferrocarrils Generalitat (FGC),2.167646,41.386095,FGC - CATALUNYA (C. de Bergara)-,la Dreta de l'Eixample,518
Ferrocarrils Generalitat (FGC),2.157649,41.393362,FGC - PROVENÇA (C. del Rossellò)-,la Dreta de l'Eixample,519
Metro i línies urbanes FGC,2.187147,41.402008,Glòries (Avda. Meridiana)-,el Parc i la Llacuna del Poblenou,520
Metro i línies urbanes FGC,2.150247,41.406702,Lesseps (Plaça Lesseps)-,la Vila de Gràcia,521
Metro i línies urbanes FGC,2.166619,41.441961,Canyelles (Via Favència)-,Canyelles,522
Metro i línies urbanes FGC,2.102695,41.358029,Av. Carrilet (Avinguda Carrilet)-,,523
Metro i línies urbanes FGC,2.19308,41.388183,Ciutadella | Vila Olímpica (Zoo)-,la Vila Olímpica del Poblenou,524
Metro i línies urbanes FGC,2.17431,41.387633,Urquinaona (Jonqueres)-,"Sant Pere, Santa Caterina i la Ribera",525
Metro i línies urbanes FGC,2.159127,41.394438,Diagonal (Rambla Catalunya)-,la Dreta de l'Eixample,526
Metro i línies urbanes FGC,2.175455,41.394346,Tetuan (Casp / Passeig de Sant Joan)-,la Dreta de l'Eixample,527
Metro i línies urbanes FGC,2.136986,41.330086,Ecoparc (Carrer A / Carrer 4)-,la Marina del Prat Vermell,528
Metro i línies urbanes FGC,2.133096,41.323607,ZAL | Riu Vell (ZAL)-,la Marina del Prat Vermell,529
Metro i línies urbanes FGC,2.14299,41.424896,Vall d'Hebron (Mercat de Vall d'Hebron)-,la Vall d'Hebron,530
Metro i línies urbanes FGC,2.216704,41.414559,Besòs Mar (Jaume Fabre)-,el Besòs i el Maresme,531
Ferrocarrils Generalitat (FGC),2.091563,41.427474,FGC - LES PLANES-,"Vallvidrera, el Tibidabo i les Planes",532
Metro i línies urbanes FGC,2.150329,41.421027,El Coll | La Teixonera (Passeig Mare de Déu del Coll)-,el Carmel,533
Metro i línies urbanes FGC,2.180981,41.414783,Camp de l'Arpa (Passeig Maragall)-,el Camp de l'Arpa del Clot,534
Metro i línies urbanes FGC,2.18214,41.423451,Congrés (Matanzas)-,el Congrés i els Indians,535
Metro i línies urbanes FGC,2.138395,41.360635,Foneria (Jardins dels Drets Humans)-,la Marina de Port,536
Ferrocarrils Generalitat (FGC),2.131188,41.397617,FGC - LES TRES TORRES-,les Tres Torres,537
Ferrocarrils Generalitat (FGC),2.09734,41.419668,FGC - BAIXADOR DE VALLVIDRERA-,"Vallvidrera, el Tibidabo i les Planes",538
Metro i línies urbanes FGC,2.205618,41.459634,Singuerlín (Passatge de Salvatella)-,,539
Metro i línies urbanes FGC,2.160994,41.429707,Horta (Tajo)-,Horta,540
Metro i línies urbanes FGC,2.210051,41.444247,Can Peixauet (Avinguda Banús Baixa)-,,541
Metro i línies urbanes FGC,2.093858,41.321877,Cèntric (C. Lleida)-,,542
Metro i línies urbanes FGC,2.165035,41.391864,Passeig de Gràcia (Aragó / Rambla Catalunya)-,la Dreta de l'Eixample,543
Metro i línies urbanes FGC,2.165519,41.391557,Passeig de Gràcia (Consell de Cent)-,la Dreta de l'Eixample,544
RENFE,2.180575,41.391875,RENFE - ARC DE TRIOMF-,el Fort Pienc,545
RENFE,2.073913,41.304419,RENFE - AEROPORT-,,546
Metro i línies urbanes FGC,2.174821,41.4294,Virrei Amat (Virrei Amat (mar))-,Vilapicina i la Torre Llobeta,547
Metro i línies urbanes FGC,2.210181,41.429971,Verneda (Ctra. Mataró)-,,548
Metro i línies urbanes FGC,2.130258,41.369771,Santa Eulàlia (Riera Blanca)-,,549
Metro i línies urbanes FGC,2.163204,41.405764,Joanic (Pi i Margall)-,el Camp d'en Grassot i Gràcia Nova,550
Metro i línies urbanes FGC,2.177446,41.42256,Maragall (Ronda Guinardó - costat Mar)-,el Guinardó,551
RENFE,2.140341,41.379074,RENFE - SANTS ESTACIÓ-,Sants,552
Tramvia,2.186836,41.401681,"TRAMVIA (T4, T5, T6) - GLÒRIES-",el Fort Pienc,553
Tren a l'aeroport,2.140341,41.379074,Tren AEROPORT - SANTS ESTACIÓ-,Sants,554
Tren a l'aeroport,2.09108,41.331201,Tren AEROPORT - PRAT DE LLOBREGAT-,,555
Tren a l'aeroport,2.073913,41.304419,Tren AEROPORT- AEROPORT-,,556
RENFE,2.180357,41.46161,RENFE - TORRE BARÓ-,Torre Baró,557
RENFE,2.169552,41.388029,RENFE - CATALUNYA-,la Dreta de l'Eixample,558
Tramvia,2.068805,41.356785,"TRAMVIA (T1,T2) - CORNELLÀ CENTRE-",,559
Tramvia,2.112031,41.376647,"TRAMVIA (T1,T2,T3) - SANT RAMON-",la Maternitat i Sant Ramon,560
Metro i línies urbanes FGC,2.173855,41.437143,Llucmajor (Plaça Jardins d'Alfàbia)-,Porta,561
Estació marítima,2.175271,41.352842,Terminal Marítima E *Creuers-,la Marina del Prat Vermell,562
Tramvia,2.07622,41.371003,TRAMVIA (T2) - SANT MARTÍ DE L'ERM (Baixador)-,,563
Metro i línies urbanes FGC,2.126293,41.388261,Maria Cristina (Av. Diagonal / Doctor Ferran)-,Pedralbes,564
Metro i línies urbanes FGC,2.130663,41.384419,Les Corts (Joan Güell)-,les Corts,565
Metro i línies urbanes FGC,2.107269,41.344706,METRO (L1) - Hospital de Bellvitge-,,566
Metro i línies urbanes FGC,2.216089,41.411761,El Maresme | Fòrum (Avinguda Diagonal)-,el Besòs i el Maresme,567
Metro i línies urbanes FGC,2.183687,41.429661,METRO (L1) - Fabra i Puig-,Sant Andreu,568
Metro i línies urbanes FGC,2.187029,41.410191,METRO (L1) - Clot-,el Clot,569
Metro i línies urbanes FGC,2.175132,41.404013,METRO (L2) - Sagrada Família-,la Sagrada Família,570
Metro i línies urbanes FGC,2.183225,41.449928,METRO (L11) - Trinitat Nova-,la Trinitat Nova,571
Metro i línies urbanes FGC,2.170118,41.38635,METRO (L3) - Catalunya-,la Dreta de l'Eixample,572
Metro i línies urbanes FGC,2.167872,41.390085,METRO (L4) - Passeig de Gràcia-,la Dreta de l'Eixample,573
Metro i línies urbanes FGC,2.130897,41.384148,METRO (L3) - Les Corts-,les Corts,574
Metro i línies urbanes FGC,2.190697,41.443253,METRO (L1) - Torras i Bages-,Sant Andreu,575
Ferrocarrils Generalitat (FGC),2.168784,41.385795,FGC - CATALUNYA-,la Dreta de l'Eixample,576
Metro i línies urbanes FGC,2.163296,41.368985,METRO (FM) - Parc de Montjuïc-,el Poble-sec,577
Metro i línies urbanes FGC,2.191213,41.436628,METRO (L1) - Sant Andreu-,Sant Andreu,578
Metro i línies urbanes FGC,2.173471,41.387989,METRO (L4) - Urquinaona-,"Sant Pere, Santa Caterina i la Ribera",579
Metro i línies urbanes FGC,2.168269,41.389444,METRO (L2) - Passeig de Gràcia-,la Dreta de l'Eixample,580
Metro i línies urbanes FGC,2.118564,41.386008,METRO (L3) - Palau Reial-,la Maternitat i Sant Ramon,581
Metro i línies urbanes FGC,2.156904,41.438024,METRO (L3) - Valldaura-,Horta,582
Metro i línies urbanes FGC,2.154588,41.37926,METRO (L1) - Rocafort-,la Nova Esquerra de l'Eixample,583
Metro i línies urbanes FGC,2.132342,41.363166,METRO (L10S) - Ciutat de la Justícia-,,584
Estació marítima,2.17307,41.350262,Terminal Marítima A *Creuers-,la Marina del Prat Vermell,585
Telefèric,2.163082,41.368884,Telefèric de Montjuïc-,el Poble-sec,586
Tren a l'aeroport,2.193312,41.435959,Tren AEROPORT - SANT ANDREU COMTAL-,Sant Andreu,587
Ferrocarrils Generalitat (FGC),2.068427,41.351845,FGC - CORNELLÀ-RIERA-,,588
Ferrocarrils Generalitat (FGC),2.012394,41.388104,FGC - SANT VICENÇ DELS HORTS-,,589
Metro i línies urbanes FGC,2.168344,41.387636,Catalunya (Rambla Catalunya)-,la Dreta de l'Eixample,590
Metro i línies urbanes FGC,2.188412,41.403035,Glòries (Badajoz)-,el Parc i la Llacuna del Poblenou,591
Metro i línies urbanes FGC,2.093147,41.322571,Cèntric (Plaça Catalunya)-,,592
Metro i línies urbanes FGC,2.137453,41.375461,Plaça de Sants (Alcolea)-,Sants,593
Metro i línies urbanes FGC,2.142302,41.375225,Hostafrancs (Moianès)-,Hostafrancs,594
Metro i línies urbanes FGC,2.149237,41.375742,Espanya (Tarragona)-,la Nova Esquerra de l'Eixample,595
Ferrocarrils Generalitat (FGC),2.034689,41.357711,FGC - MOLÍ NOU-CIUTAT COOPERATIVA-,,596
Metro i línies urbanes FGC,2.168458,41.387194,Catalunya (Ronda Universitat)-,la Dreta de l'Eixample,597
Metro i línies urbanes FGC,2.1909,41.435915,Sant Andreu (Plaça d'Orfila)-,Sant Andreu,598
Metro i línies urbanes FGC,2.118475,41.375897,Collblanc (Av. Sant Ramon)-,,599
Metro i línies urbanes FGC,2.163121,41.368874,Parc de Montjuïc (Avinguda Miramar)-,el Poble-sec,600
Metro i línies urbanes FGC,2.147254,41.435565,Mundet (Passeig Vall d'Hebron)-,Montbau,601
Metro i línies urbanes FGC,2.228132,41.435169,Sant Roc (Alfons XII)-,,602
Metro i línies urbanes FGC,2.173167,41.462859,Can Cuiàs (Les Fustes)-,,603
Metro i línies urbanes FGC,2.10342,41.367637,Can Serra (Avinguda Can Serra)-,,604
Metro i línies urbanes FGC,2.127784,41.368463,Santa Eulàlia (Pont de la Torrassa)-,,605
Metro i línies urbanes FGC,2.133263,41.372557,Mercat Nou (Riera de Tena)-,Sants,606
Metro i línies urbanes FGC,2.171463,41.394694,Girona (Girona)-,la Dreta de l'Eixample,607
Metro i línies urbanes FGC,2.179295,41.383846,Jaume I (Argenteria)-,"Sant Pere, Santa Caterina i la Ribera",608
Metro i línies urbanes FGC,2.078983,41.357796,Gavarra (Lindavista)-,,609
Metro i línies urbanes FGC,2.174789,41.430265,Virrei Amat (Virrei Amat (muntanya))-,Vilapicina i la Torre Llobeta,610
Metro i línies urbanes FGC,2.182493,41.406856,Encants (València / Aragó)-,el Camp de l'Arpa del Clot,611
Metro i línies urbanes FGC,2.19628,41.415745,Bac de Roda (Fluvià)-,Sant Martí de Provençals,612
Metro i línies urbanes FGC,2.140712,41.33614,Port Comercial | La Factoria (Carrer A / Carrer 25)-,la Marina del Prat Vermell,613
Metro i línies urbanes FGC,2.140574,41.335914,Port Comercial | La Factoria (Carrer A / Carrer 27)-,la Marina del Prat Vermell,614
Metro i línies urbanes FGC,2.130188,41.35244,Fira (Accés SUD)-,,615
Metro i línies urbanes FGC,2.111982,41.384061,Zona Universitària (Dr. Marañón)-,la Maternitat i Sant Ramon,616
Metro i línies urbanes FGC,2.145069,41.411438,Vallcarca (Avinguda República Argentina)-,Vallcarca i els Penitents,617
Ferrocarrils Generalitat (FGC),2.130075,41.398154,FGC - LES TRES TORRES-,les Tres Torres,618
Ferrocarrils Generalitat (FGC),2.118998,41.398967,FGC - REINA ELISENDA-,Sarrià,619
Metro i línies urbanes FGC,2.166538,41.412424,Alfons X (Ronda Guinardó)-,el Baix Guinardó,620
Metro i línies urbanes FGC,2.183313,41.449237,Trinitat Nova (Pedrosa)-,la Trinitat Nova,621
Metro i línies urbanes FGC,2.126059,41.3757,Badal (Carrer de Sants / Arizala)-,Sants - Badal,622
Metro i línies urbanes FGC,2.176391,41.411169,Sant Pau | Dos de Maig (Dos de Maig)-,la Sagrada Família,623
Metro i línies urbanes FGC,2.145005,41.343141,Zona Franca (Carrer A / Carrer 1)-,la Marina del Prat Vermell,624
Metro i línies urbanes FGC,2.126822,41.387815,Maria Cristina (Gran Via Carles III)-,la Maternitat i Sant Ramon,625
Metro i línies urbanes FGC,2.245219,41.449755,Badalona Pompeu Fabra (Avinguda Martí Pujol)-,,626
Metro i línies urbanes FGC,2.172647,41.382043,Liceu (La Rambla / Mercat de la Boqueria)-,el Barri Gòtic,627
Metro i línies urbanes FGC,2.210309,41.420368,Besòs (Gran Via de les Corts Catalanes)-,el Besòs i el Maresme,628
Metro i línies urbanes FGC,2.133054,41.363447,Ciutat de la Justícia (Ciutat de la Justícia)-,,629
Metro i línies urbanes FGC,2.170416,41.375093,Paral·lel (Nou de la Rambla)-,el Raval,630
Metro i línies urbanes FGC,2.169668,41.385784,Catalunya (Bergara)-,la Dreta de l'Eixample,631
RENFE,2.115466,41.354367,RENFE - BELLVITGE-,,632
Metro i línies urbanes FGC,2.176089,41.425728,Maragall (Avinguda dels Quinze)-,Vilapicina i la Torre Llobeta,633
Metro i línies urbanes FGC,2.174555,41.430492,Virrei Amat (Pi i Molist)-,el Turó de la Peira,634
Metro i línies urbanes FGC,2.174104,41.430263,Virrei Amat (Fabra i Puig)-,Vilapicina i la Torre Llobeta,635
Metro i línies urbanes FGC,2.110869,41.35078,Bellvitge (Rambla de la Marina / Merca 2)-,,636
Metro i línies urbanes FGC,2.11051,41.351266,Bellvitge (Rambla de la Marina / Mercat Municipal)-,,637
Metro i línies urbanes FGC,2.165113,41.412096,Alfons X (Plaça Alfons el Savi)-,el Baix Guinardó,638
Tramvia,2.222906,41.415244,TRAMVIA (T4) - CAN LLIMA-,,639
Tramvia,2.19139,41.40443,TRAMVIA (T4) - CA L'ARANYÓ-,el Parc i la Llacuna del Poblenou,640
RENFE,2.06998,41.357914,RENFE - CORNELLÀ-,,641
RENFE,2.230523,41.424408,RENFE - SANT ADRIÀ DEL BESÒS-,,642
Tramvia,2.09287,41.376929,"TRAMVIA (T1,T2,T3) - CAN CLOTA-",,643
Tramvia,2.080799,41.369445,"TRAMVIA (T1,T2,T3) - MONTESA-",,644
Tramvia,2.142997,41.392183,"TRAMVIA (T1,T2,T3) - FRANCESC MACIÀ-",les Corts,645
Tramvia,2.126641,41.388002,"TRAMVIA (T1,T2,T3) - Mª CRISTINA-",la Maternitat i Sant Ramon,646
Tramvia,2.114498,41.384459,"TRAMVIA (T1,T2,T3) - ZONA UNIVERSITÀRIA-",la Maternitat i Sant Ramon,647
Tramvia,2.067057,41.379733,TRAMVIA (T3) - WALDEN-,,648
Metro i línies urbanes FGC,2.120461,41.375868,Collblanc (Travessera de les Corts)-,,649
Metro i línies urbanes FGC,2.139599,41.379538,Sants Estació (Estació RENFE / Pl. Joan Peiró)-,Sants,650
Metro i línies urbanes FGC,2.166217,41.398489,Verdaguer (Avinguda Diagonal)-,la Dreta de l'Eixample,651
Metro i línies urbanes FGC,2.173434,41.403457,Sagrada Família (Plaça de la Sagrada Família)-,la Sagrada Família,652
Metro i línies urbanes FGC,2.175732,41.410069,Sant Pau | Dos de Maig (Cartagena)-,la Sagrada Família,653
Metro i línies urbanes FGC,2.201181,41.419425,Sant Martí (Cantàbria)-,Sant Martí de Provençals,654
Metro i línies urbanes FGC,2.161381,41.375145,Poble Sec (Parlament)-,Sant Antoni,655
Metro i línies urbanes FGC,2.099776,41.364118,METRO (L1) - Rambla Just Oliveras-,,656
Metro i línies urbanes FGC,2.135859,41.375542,Plaça de Sants (Galileu)-,Sants,657
Metro i línies urbanes FGC,2.175576,41.429232,Virrei Amat (Felip II / Virrei Amat)-,Vilapicina i la Torre Llobeta,658
Metro i línies urbanes FGC,2.174593,41.389664,METRO (L1) - Urquinaona-,la Dreta de l'Eixample,659
Metro i línies urbanes FGC,2.216718,41.411808,METRO (L4) - El Maresme | Fòrum-,el Besòs i el Maresme,660
Metro i línies urbanes FGC,2.163251,41.406455,METRO (L4) - Joanic-,el Camp d'en Grassot i Gràcia Nova,661
Metro i línies urbanes FGC,2.186861,41.410386,METRO (L2) - Clot-,el Camp de l'Arpa del Clot,662
Metro i línies urbanes FGC,2.124127,41.361383,METRO (L10S) - Provençana-,,663
Metro i línies urbanes FGC,2.151582,41.375046,METRO (L3) - Espanya-,el Poble-sec,664
Metro i línies urbanes FGC,2.166414,41.441782,METRO (L3) - Canyelles-,Canyelles,665
Tramvia,2.069961,41.36843,TRAMVIA (T2) - CENTRE MIQUEL MARTÍ I POL-,,666
Metro i línies urbanes FGC,2.091533,41.366599,METRO (L5) - Can Boixeres-,,667
Metro i línies urbanes FGC,2.237984,41.443933,METRO (L2) - Pep Ventura-,,668
Metro i línies urbanes FGC,2.133563,41.373031,METRO (L1) - Mercat Nou-,Sants,669
Ferrocarrils Generalitat (FGC),2.139256,41.406043,FGC - EL PUTXET-,el Putxet i el Farró,670
Metro i línies urbanes FGC,2.197738,41.399453,METRO (L4) - Llacuna-,el Poblenou,671
Metro i línies urbanes FGC,2.181191,41.392365,METRO (L1) - Arc de Triomf-,el Fort Pienc,672
Metro i línies urbanes FGC,2.07118,41.288324,METRO (L9S) - Aeroport T1-,,673
Metro i línies urbanes FGC,2.087956,41.316657,METRO (L9S) - Parc Nou-,,674
Metro i línies urbanes FGC,2.130479,41.352017,METRO (L9S) - Fira-,,675
Metro i línies urbanes FGC,2.205454,41.459442,METRO (L9N) - Singuerlín-,,676
Metro i línies urbanes FGC,2.215834,41.446878,METRO (L9N) - Santa Rosa-,,677
Metro i línies urbanes FGC,2.21851,41.451904,METRO (L9N) - Fondo-,,678
Metro i línies urbanes FGC,2.140684,41.336012,METRO (L10S) - Port Comercial | La Factoria-,la Marina del Prat Vermell,679
Metro i línies urbanes FGC,2.173644,41.403863,METRO (L5) - Sagrada Família-,la Sagrada Família,680
Metro i línies urbanes FGC,2.174939,41.429731,METRO (L5) - Virrei Amat-,Vilapicina i la Torre Llobeta,681
Metro i línies urbanes FGC,2.111648,41.38377,METRO (L9S) - Zona Universitària-,la Maternitat i Sant Ramon,682
Estació marítima,2.175174,41.368076,Terminal Marítima Sant Bertran *Ferris-,la Marina del Prat Vermell,683
Estació marítima,2.17479,41.350989,Terminal Marítima D *Creuers-,la Marina del Prat Vermell,684